name,hp,atk,def,spa,spd,spe,weight,height,formats,generation,format codes,Weaknesses,Strong Weaknesses,Resists,Strong Resists,Immune,STAB,Resistance Index,Entry Hazards,Hazard Removal,Removal Deterrent,Cleric,Pivot,Item Removal,Setup,Priority,HP Drain,HP Recovery,Weather Set,Weather Gimmick,Physical Cutoff 1,Physical Cutoff 2,Physical Cutoff 3,Physical Cutoff 4,Physical Cutoff 5,Physical Cutoff 6,Physical Coverage 1,Physical Coverage 2,Physical Coverage 3,Physical Coverage 4,Special Cutoff 1,Special Cutoff 2,Special Cutoff 3,Special Cutoff 4,Special Cutoff 5,Special Cutoff 6,Special Cutoff 7,Special Coverage 1,Special Coverage 2,Special Coverage 3,Special Coverage 4,Special Coverage 5,Special Coverage 6,Special Coverage 7,Special Coverage 8,Special Coverage 9,Special Coverage 10,Misc Status,Unique Powerful Move,Ability Cutoff 1,Ability Cutoff 2,Ability Cutoff 3,Ability Cutoff 4,Ability Cutoff 5,Ability Cutoff 6,Best Ability,Best Ability <100,Unique Powerful Ability,oldformats,oldformat codes
Blastoise,79,83,100,85,105,78,85.5,1.6,NU,RB,2,2,0,4,0,0,1,2,0,1,0,0,3,0,5,2,0,0,0,2,19,18,11,9,4,1,10,10,10,3.0,11,9,9,8,8,5,3,9,8,8,7,7,4.0,4.0,3.0,2.0,2.0,2,0,1.0,1.0,1.0,1.0,0.0,0.0,75.0,75.0,0,NU,0
Nidoqueen,90,92,87,75,85,76,60.0,1.3,UU,RB,4,4,0,4,1,1,2,6,2,0,0,0,0,0,2,2,0,0,0,2,26,25,18,14,5,1,15,15,12,3.0,15,13,13,12,12,10,5,10,10,10,10,10,5.0,5.0,2.0,1.0,1.0,2,0,1.0,1.0,0.0,0.0,0.0,0.0,55.55555555555556,55.55555555555556,0,UU,2
Nidoking,81,102,77,85,75,85,62.0,1.4,OU,RB,5,4,0,4,1,1,2,6,2,0,0,0,0,0,2,2,0,0,0,2,28,27,20,15,6,1,15,14,13,5.0,15,13,13,12,12,10,5,11,11,11,10,10,5.0,5.0,2.0,1.0,1.0,2,0,1.0,1.0,0.0,0.0,0.0,0.0,55.55555555555556,55.55555555555556,0,OU,3
Clefable,95,70,73,95,90,60,40.0,1.3,OU,RB,5,2,0,3,0,1,1,5,2,0,0,2,1,2,3,0,2,1,0,2,14,13,7,6,3,1,11,10,10,2.0,18,15,14,13,13,11,6,11,10,10,10,8,6.0,5.0,3.0,1.0,1.0,3,0,1.0,1.0,1.0,1.0,1.0,1.0,100.0,50.0,0,OU,3
Vileplume,75,80,85,110,90,50,18.6,1.2,NU,RB,2,4,0,4,1,0,2,2,0,0,0,1,0,1,4,0,2,2,0,5,3,3,1,0,0,0,2,2,2,1.0,6,6,6,6,6,4,3,5,5,5,5,5,2.0,2.0,2.0,1.0,1.0,4,1,1.0,1.0,0.0,0.0,0.0,0.0,50.0,50.0,0,NU,0
Arcanine,90,110,80,100,80,95,155.0,1.9,NU,RB,2,3,0,6,0,0,1,3,0,0,0,0,1,0,3,2,0,0,0,1,13,13,11,8,5,2,11,11,10,4.0,7,6,6,5,3,3,2,5,5,5,5,3,2.0,2.0,2.0,1.0,1.0,3,0,1.0,1.0,1.0,0.0,0.0,0.0,71.42857142857143,71.42857142857143,0,NU,0
Tentacruel,80,70,65,80,120,100,55.0,1.6,UU,RB,4,3,0,8,0,0,2,5,1,1,0,0,0,2,4,0,2,0,0,1,3,3,2,1,0,0,4,4,3,1.0,10,8,8,8,8,7,5,8,7,6,6,5,3.0,3.0,1.0,1.0,1.0,2,0,1.0,1.0,1.0,0.0,0.0,0.0,66.66666666666666,66.66666666666666,1,UU,2
Slowbro,95,75,110,100,80,30,78.5,1.6,OU,RB,5,5,0,6,0,0,2,1,0,0,0,0,1,0,4,0,2,2,0,2,12,11,6,6,4,1,10,10,8,2.0,16,14,13,12,12,9,6,10,10,10,10,9,8.0,8.0,5.0,1.0,1.0,3,0,1.0,1.0,1.0,1.0,1.0,1.0,100.0,25.0,0,OU,3
Cloyster,50,95,180,85,45,70,132.5,1.5,RU,RB,3,4,0,1,1,0,2,-1,3,1,0,0,1,0,5,2,0,0,0,2,8,8,7,6,3,2,8,6,5,2.0,6,4,4,3,3,2,2,4,4,4,4,3,3.0,3.0,1.0,1.0,1.0,1,0,1.0,1.0,0.0,0.0,0.0,0.0,50.0,50.0,1,RU,1
Chansey,250,5,5,35,105,50,34.6,1.1,UU,RB,4,1,0,0,0,1,1,3,2,0,0,2,1,0,3,0,2,0,0,2,14,13,6,6,2,1,9,9,9,2.0,14,11,10,9,9,7,3,9,8,8,8,7,5.0,4.0,2.0,1.0,1.0,3,0,1.0,1.0,1.0,1.0,1.0,1.0,100.0,50.0,0,UU,2
Starmie,60,75,85,100,85,115,80.0,1.1,NU,RB,2,5,0,6,0,0,2,1,0,1,0,0,3,0,3,0,0,1,0,2,4,4,3,0,0,0,5,4,2,1.0,15,13,13,12,12,9,4,9,9,8,8,8,5.0,4.0,2.0,1.0,1.0,3,0,1.0,1.0,1.0,1.0,1.0,1.0,100.0,66.66666666666666,0,NU,0
Tauros,75,100,95,40,70,110,88.4,1.4,NU,RB,2,1,0,0,0,1,1,3,0,0,0,0,0,0,2,0,0,0,0,2,16,16,11,9,4,2,10,10,10,4.0,8,6,6,6,6,5,3,5,5,5,5,5,4.0,4.0,2.0,1.0,1.0,1,0,1.0,1.0,1.0,0.0,0.0,0.0,71.42857142857143,71.42857142857143,0,NU,0
Gyarados,95,125,79,60,100,81,235.0,6.5,UU,RB,4,1,1,5,0,1,2,6,0,0,0,0,0,0,4,0,0,0,0,3,13,13,11,8,5,2,11,11,9,3.0,13,11,11,10,10,8,6,8,8,8,8,8,6.0,6.0,2.0,1.0,1.0,3,0,1.0,1.0,1.0,1.0,0.0,0.0,80.0,80.0,0,UU,2
Vaporeon,130,65,60,110,95,65,29.0,1.0,NU,RB,2,2,0,4,0,0,1,2,0,0,0,2,3,0,2,1,0,0,0,2,4,4,2,1,0,0,6,6,4,1.0,9,6,5,5,5,3,3,6,4,4,4,4,3.0,3.0,1.0,1.0,1.0,2,0,1.0,1.0,0.0,0.0,0.0,0.0,57.14285714285714,57.14285714285714,0,NU,0
Aerodactyl,80,105,65,60,75,130,59.0,1.8,NU,RB,2,5,0,5,0,1,2,4,2,1,0,0,0,0,4,0,0,1,0,3,16,16,12,9,5,1,13,13,9,2.0,6,6,6,5,4,4,3,6,6,6,6,5,3.0,3.0,1.0,1.0,1.0,2,0,1.0,1.0,1.0,0.0,0.0,0.0,73.33333333333333,73.33333333333333,0,NU,0
Snorlax,160,110,65,65,110,30,460.0,2.1,RU,RB,3,1,0,0,0,1,1,3,0,0,0,0,0,0,3,0,0,0,0,2,25,24,16,13,7,1,14,13,13,5.0,13,10,10,10,10,8,4,10,9,9,9,9,7.0,7.0,4.0,1.0,1.0,2,0,1.0,1.0,1.0,0.0,0.0,0.0,66.66666666666666,66.66666666666666,0,RU,1
Zapdos,90,90,85,125,90,100,52.6,1.6,OU,RB,5,2,0,5,0,1,2,7,0,1,0,0,3,0,3,0,0,1,0,3,4,4,3,3,1,1,5,5,3,2.0,5,5,5,5,4,4,1,8,7,6,6,5,3.0,3.0,2.0,1.0,1.0,3,0,1.0,1.0,1.0,0.0,0.0,0.0,73.33333333333333,73.33333333333333,0,OU,3
Moltres,90,100,90,125,85,90,60.0,2.0,UU,RB,4,2,1,4,2,1,2,8,0,1,0,0,3,0,3,0,0,1,0,3,4,4,3,3,2,2,5,5,3,3.0,7,7,7,7,6,6,4,7,7,6,6,4,3.0,3.0,2.0,1.0,1.0,3,0,1.0,1.0,1.0,1.0,0.0,0.0,80.0,80.0,0,UU,2
Dragonite,91,134,95,100,100,80,210.0,2.2,OU,RB,5,3,1,4,1,1,2,5,0,1,0,1,0,0,4,2,0,1,0,3,21,20,14,12,6,1,13,13,11,3.0,15,13,13,12,11,10,6,9,8,8,8,8,8.0,8.0,4.0,1.0,1.0,3,0,1.0,1.0,1.0,1.0,1.0,1.0,100.0,12.5,0,OU,3
Mewtwo,106,110,90,154,90,130,122.0,2.0,Uber,RB,6,3,0,2,0,0,1,-1,0,0,0,0,1,0,4,0,2,1,0,3,18,17,9,8,4,1,13,13,12,2.0,18,16,15,14,14,11,5,12,11,11,11,9,7.0,7.0,4.0,1.0,1.0,3,1,1.0,1.0,1.0,0.0,0.0,0.0,73.33333333333333,73.33333333333333,0,Uber,4
Mew,100,100,100,100,100,100,4.0,0.4,UU,RB,4,3,0,2,0,0,1,-1,3,1,0,1,3,2,4,2,2,1,0,3,63,62,51,36,23,8,18,18,18,10.0,38,35,34,32,29,23,11,18,18,18,18,18,9.0,9.0,6.0,1.0,1.0,3,0,1.0,1.0,0.0,0.0,0.0,0.0,50.0,50.0,0,UU,2
Azumarill,100,50,80,60,80,50,28.5,0.8,UU,GS,4,3,0,6,0,1,2,7,0,0,0,0,0,2,3,2,1,0,0,2,12,11,7,4,2,0,10,9,8,3.0,10,7,7,7,7,5,3,6,6,6,6,5,5.0,5.0,3.0,1.0,1.0,2,0,1.0,1.0,1.0,0.0,0.0,0.0,66.66666666666666,66.66666666666666,1,UU,2
Mantine,85,40,70,80,140,70,220.0,2.1,NU,GS,2,1,1,5,0,1,2,6,0,1,0,0,0,0,3,0,0,1,0,5,15,15,11,7,2,1,10,10,9,2.0,8,6,6,6,6,5,4,7,6,5,5,4,4.0,4.0,1.0,1.0,1.0,2,0,1.0,1.0,1.0,0.0,0.0,0.0,66.66666666666666,66.66666666666666,0,NU,0
Raikou,90,85,75,115,100,115,178.0,1.9,RU,GS,3,1,0,3,0,0,1,2,0,0,0,0,3,0,3,2,0,0,0,2,7,7,5,4,1,0,6,6,5,1.0,7,7,7,7,6,5,1,8,7,7,7,6,2.0,2.0,2.0,1.0,1.0,3,0,1.0,1.0,1.0,0.0,0.0,0.0,73.33333333333333,73.33333333333333,0,RU,1
Suicune,100,75,115,90,115,85,187.0,2.0,RU,GS,3,2,0,4,0,0,1,2,0,0,0,0,0,0,3,2,0,0,0,2,7,7,5,3,1,0,7,7,5,1.0,9,7,7,7,6,4,3,8,7,7,7,5,3.0,3.0,1.0,1.0,1.0,1,0,1.0,1.0,1.0,0.0,0.0,0.0,73.33333333333333,73.33333333333333,0,RU,1
Crobat,85,90,80,70,80,130,75.0,1.8,RU,GS,3,4,0,2,3,1,2,8,0,1,0,0,3,0,4,1,2,1,0,3,8,8,4,3,2,1,8,7,5,2.0,7,7,7,7,6,4,2,8,8,6,6,6,2.0,2.0,1.0,1.0,1.0,2,0,1.0,1.0,0.0,0.0,0.0,0.0,60.0,60.0,0,RU,1
Quagsire,95,85,85,65,65,35,75.0,1.4,UU,GS,4,0,1,4,0,1,2,6,0,0,0,0,0,0,2,0,0,1,0,1,14,13,8,6,3,1,8,8,7,2.0,10,8,8,8,8,7,5,8,7,7,7,6,4.0,4.0,2.0,1.0,1.0,2,0,1.0,1.0,0.0,0.0,0.0,0.0,57.14285714285714,57.14285714285714,0,UU,2
Espeon,65,65,60,130,95,110,26.5,0.9,NU,GS,2,3,0,2,0,0,1,-1,0,2,0,2,0,0,3,1,0,0,0,2,4,4,1,1,1,0,6,5,4,1.0,8,7,6,6,6,4,1,6,5,5,5,5,3.0,3.0,3.0,1.0,1.0,3,0,1.0,1.0,1.0,1.0,1.0,1.0,100.0,50.0,0,NU,0
Umbreon,95,65,110,60,130,65,27.0,1.0,RU,GS,3,3,0,2,0,1,1,3,0,0,0,2,0,0,2,2,0,1,0,2,6,6,3,3,2,0,5,4,4,1.0,6,5,4,4,3,1,0,6,5,5,5,5,3.0,2.0,2.0,1.0,1.0,2,0,1.0,1.0,0.0,0.0,0.0,0.0,50.0,50.0,0,RU,1
Slowking,95,75,80,100,110,30,79.5,2.0,OU,GS,5,5,0,6,0,0,2,1,0,0,0,0,1,0,4,0,2,2,0,2,12,11,6,6,3,1,10,10,8,2.0,17,15,14,13,13,10,6,11,11,11,11,10,8.0,8.0,5.0,1.0,1.0,3,0,1.0,1.0,1.0,1.0,1.0,1.0,100.0,25.0,0,OU,3
Steelix,75,85,200,55,65,30,400.0,9.2,RU,GS,3,4,0,7,1,2,2,13,2,0,0,0,0,0,4,0,0,0,0,1,22,22,18,12,8,1,12,12,8,3.0,5,5,5,3,3,1,0,6,6,6,6,5,2.0,2.0,2.0,2.0,1.0,2,0,1.0,1.0,1.0,0.0,0.0,0.0,66.66666666666666,66.66666666666666,0,RU,1
Scizor,70,130,100,55,80,65,118.0,1.8,UU,GS,4,0,1,7,1,1,2,11,0,1,0,0,3,2,4,3,0,1,0,0,11,10,7,2,0,0,9,8,4,2.0,4,4,4,3,2,1,0,5,5,5,5,3,2.0,2.0,2.0,2.0,1.0,1,0,1.0,1.0,0.0,0.0,0.0,0.0,50.0,50.0,0,UU,2
Heracross,80,125,75,40,95,85,54.0,1.5,RU,GS,3,3,1,5,0,0,2,0,3,0,0,0,0,2,5,2,0,0,0,0,21,20,13,8,4,2,10,9,6,3.0,1,1,1,1,1,1,0,4,4,4,3,2,2.0,2.0,2.0,1.0,1.0,0,0,1.0,1.0,1.0,1.0,1.0,1.0,100.0,80.0,0,RU,1
Skarmory,65,80,140,40,70,70,50.5,1.7,OU,GS,5,2,0,6,2,2,2,16,3,1,0,0,0,0,4,0,0,1,0,0,10,10,6,5,2,1,8,7,6,2.0,5,4,4,3,3,1,0,7,6,5,5,2,1.0,1.0,1.0,1.0,0.0,2,0,1.0,1.0,1.0,0.0,0.0,0.0,66.66666666666666,66.66666666666666,0,OU,3
Porygon2,85,80,90,105,95,60,32.5,0.6,RU,GS,3,1,0,0,0,1,1,3,0,0,0,0,1,0,3,0,0,1,0,2,3,3,1,1,1,0,5,5,4,1.0,10,8,8,7,7,6,2,5,5,5,5,5,4.0,3.0,2.0,1.0,1.0,3,0,1.0,1.0,1.0,1.0,1.0,1.0,100.0,66.66666666666666,0,RU,1
Blissey,255,10,10,75,135,55,46.8,1.5,OU,GS,5,1,0,0,0,1,1,3,2,0,0,2,1,0,3,0,2,0,0,2,14,13,6,6,2,1,9,9,9,2.0,15,12,11,10,10,8,3,10,9,9,9,8,6.0,5.0,3.0,1.0,1.0,3,0,1.0,1.0,1.0,1.0,1.0,1.0,100.0,50.0,0,OU,3
Tyranitar,100,134,110,95,100,61,202.0,2.0,OU,GS,5,6,1,6,0,1,2,2,2,0,0,0,0,0,4,0,0,0,1,2,32,31,22,15,8,1,14,14,11,3.0,13,12,12,11,10,8,4,10,10,10,10,9,6.0,6.0,2.0,1.0,1.0,3,0,1.0,1.0,1.0,1.0,1.0,1.0,100.0,25.0,0,OU,3
Lugia,106,90,130,90,154,110,216.0,5.2,Uber,GS,6,5,0,2,1,1,2,3,0,1,0,0,0,0,3,0,2,1,0,3,9,9,6,5,2,1,9,9,7,2.0,16,13,13,12,12,10,4,10,10,10,10,9,6.0,6.0,3.0,1.0,1.0,3,0,1.0,1.0,1.0,1.0,1.0,1.0,100.0,73.33333333333333,0,Uber,4
Ho-Oh,106,130,90,110,154,90,199.0,3.8,Uber,GS,6,2,1,4,2,1,2,8,0,1,0,0,0,0,3,0,2,2,0,2,7,7,5,5,3,3,7,7,6,3.0,13,12,12,12,11,10,3,9,9,9,9,6,4.0,4.0,4.0,1.0,1.0,3,1,1.0,1.0,1.0,1.0,1.0,1.0,100.0,73.33333333333333,0,Uber,4
Celebi,100,100,100,100,100,100,5.0,0.6,NU,GS,2,6,1,6,0,0,2,-2,2,0,0,1,3,0,4,2,2,1,0,2,5,5,3,2,1,1,4,4,3,1.0,9,9,9,9,9,6,1,11,11,11,11,8,3.0,3.0,3.0,1.0,1.0,3,0,1.0,1.0,1.0,1.0,1.0,1.0,100.0,0.0,0,NU,0
Milotic,95,60,79,100,125,81,162.0,6.2,RU,RS,3,2,0,4,0,0,1,2,0,0,2,0,3,0,4,0,0,1,0,2,7,7,5,4,2,0,8,8,3,1.0,7,5,5,4,4,3,3,6,6,5,5,4,3.0,3.0,1.0,1.0,1.0,2,0,1.0,1.0,1.0,1.0,1.0,1.0,100.0,33.33333333333333,1,RU,1
Swampert,100,110,90,85,90,60,81.9,1.5,OU,RS,5,0,1,4,0,1,2,6,2,0,0,0,3,0,3,0,0,0,0,1,21,20,14,9,5,1,9,9,9,3.0,9,7,7,7,7,6,4,7,7,7,7,6,4.0,4.0,3.0,2.0,2.0,2,0,1.0,1.0,1.0,1.0,0.0,0.0,75.0,75.0,0,OU,3
Gardevoir,68,65,65,125,115,80,48.4,1.6,RU,RS,3,3,0,1,1,1,2,4,0,0,0,2,1,2,3,2,1,0,0,2,7,7,3,3,2,0,6,6,5,1.0,14,12,11,11,11,8,3,10,9,9,9,7,3.0,3.0,3.0,1.0,1.0,3,0,1.0,1.0,1.0,1.0,1.0,1.0,100.0,50.0,0,RU,1
Exploud,104,91,63,91,73,68,84.0,1.5,NU,RS,2,1,0,0,0,1,1,3,0,0,0,0,0,0,2,0,0,0,0,1,20,19,11,7,3,1,11,10,10,2.0,12,9,9,9,9,7,5,10,9,8,8,7,5.0,5.0,3.0,1.0,1.0,2,0,1.0,1.0,1.0,1.0,1.0,1.0,100.0,0.0,0,NU,0
Registeel,80,75,150,75,150,50,205.0,1.9,RU,RS,3,3,0,10,0,1,1,11,2,0,0,0,0,0,3,0,0,0,0,2,19,18,12,8,5,1,9,9,7,3.0,5,5,5,4,4,3,0,6,5,5,5,4,4.0,4.0,4.0,2.0,1.0,3,0,1.0,1.0,1.0,0.0,0.0,0.0,66.66666666666666,66.66666666666666,0,RU,1
Pelipper,60,50,100,95,70,65,28.0,1.2,OU,RS,5,1,1,5,0,1,2,6,0,1,0,0,3,2,3,1,0,1,1,3,4,4,3,3,1,1,7,7,5,3.0,8,6,6,6,6,5,4,7,6,5,5,4,4.0,4.0,1.0,1.0,1.0,1,0,1.0,1.0,1.0,1.0,1.0,1.0,100.0,0.0,0,OU,3
Flygon,80,100,80,80,80,100,82.0,2.0,NU,RS,2,2,1,3,0,1,2,3,0,1,0,0,3,0,4,2,2,1,0,1,18,18,14,11,5,1,12,11,10,3.0,9,9,9,8,6,6,4,6,6,6,6,5,3.0,3.0,2.0,1.0,1.0,2,0,1.0,1.0,1.0,1.0,1.0,0.0,88.88888888888889,88.88888888888889,0,NU,0
Ninjask,61,90,45,50,50,160,12.0,0.8,NU,RS,2,4,1,1,2,1,2,3,0,1,0,0,3,0,5,0,2,1,0,1,5,5,3,1,0,0,6,6,3,1.0,3,3,3,3,2,1,0,6,4,4,4,3,1.0,1.0,1.0,1.0,1.0,1,0,1.0,1.0,1.0,1.0,1.0,1.0,100.0,60.0,0,NU,0
Sharpedo,70,120,40,95,40,95,88.8,1.8,RU,RS,3,5,0,6,0,1,2,5,0,0,0,0,3,0,5,2,0,0,0,1,14,14,10,7,5,2,12,11,8,2.0,8,6,6,6,5,3,3,6,5,5,5,4,3.0,3.0,1.0,1.0,1.0,2,0,1.0,1.0,1.0,1.0,1.0,1.0,100.0,66.66666666666666,0,RU,1
Crawdaunt,63,120,85,90,55,55,32.8,1.1,UU,RS,4,5,0,6,0,1,2,5,0,0,0,0,0,2,4,2,0,0,0,1,11,10,6,4,2,1,10,10,7,2.0,10,8,8,8,7,5,5,7,7,7,7,5,3.0,3.0,1.0,1.0,1.0,2,1,1.0,1.0,1.0,1.0,1.0,1.0,100.0,50.0,0,UU,2
Salamence,95,135,80,110,80,100,102.6,1.5,UU,RS,4,3,1,4,1,1,2,5,0,1,0,1,0,0,4,0,0,1,0,3,16,15,11,8,4,1,14,14,10,2.0,9,8,8,7,6,6,5,6,5,5,5,5,5.0,5.0,2.0,1.0,1.0,2,0,1.0,1.0,1.0,1.0,0.0,0.0,80.0,80.0,0,UU,2
Metagross,80,135,130,95,90,70,550.0,1.6,RU,RS,3,4,0,8,1,1,2,10,2,0,0,0,0,0,3,2,0,0,0,1,17,16,10,7,5,2,11,11,8,2.0,8,7,7,6,6,3,2,7,6,6,6,5,2.0,2.0,2.0,2.0,1.0,3,0,1.0,1.0,1.0,0.0,0.0,0.0,66.66666666666666,66.66666666666666,0,RU,1
Kyogre,100,100,90,150,140,90,352.0,4.5,Uber,RS,6,2,0,4,0,0,1,2,0,0,0,0,0,0,3,0,0,0,1,2,10,9,6,5,2,1,7,7,6,1.0,8,6,6,6,6,5,3,6,5,5,5,4,4.0,4.0,1.0,1.0,1.0,3,1,1.0,1.0,1.0,1.0,1.0,1.0,100.0,0.0,0,Uber,4
Groudon,100,150,140,100,90,90,950.0,3.5,Uber,RS,6,3,0,2,0,1,1,3,2,0,0,0,0,0,4,0,0,0,1,2,20,19,13,10,5,1,12,12,8,1.0,8,8,8,7,7,7,2,7,7,7,7,6,4.0,4.0,3.0,1.0,1.0,3,1,1.0,0.0,0.0,0.0,0.0,0.0,1.0,0.0,1,Uber,4
Rayquaza,105,150,90,150,90,95,206.5,7.0,Uber,RS,6,3,1,4,1,1,2,5,0,1,0,0,0,0,4,2,0,0,0,3,16,15,12,9,5,1,12,12,9,2.0,18,15,15,14,14,12,6,11,11,11,11,10,8.0,8.0,4.0,1.0,1.0,3,1,1.0,0.0,0.0,0.0,0.0,0.0,1.0,0.0,1,Uber,4
Jirachi,100,100,100,100,100,100,1.1,0.3,UU,RS,4,4,0,8,1,1,2,10,2,0,0,1,3,0,3,0,2,0,0,2,10,10,5,5,3,1,9,9,8,1.0,16,15,14,13,13,9,3,13,12,12,12,9,5.0,5.0,4.0,2.0,1.0,3,0,1.0,1.0,0.0,0.0,0.0,0.0,50.0,50.0,0,UU,2
Rotom-Heat,50,65,107,105,107,86,0.3,0.3,UU,DP,4,2,1,7,1,0,2,5,0,1,0,0,3,0,4,2,0,0,0,2,3,3,2,2,2,1,3,3,2,1.0,9,8,7,7,7,5,0,8,7,6,6,6,3.0,2.0,1.0,0.0,0.0,3,0,1.0,1.0,1.0,1.0,1.0,0.0,88.88888888888889,88.88888888888889,0,UU,2
Rotom-Wash,50,65,107,105,107,86,0.3,0.3,UU,DP,4,2,0,4,1,0,2,4,0,1,0,0,3,0,4,2,0,0,0,2,3,3,2,2,2,1,3,3,2,1.0,9,8,7,7,7,5,1,8,7,6,6,6,3.0,2.0,0.0,0.0,0.0,3,0,1.0,1.0,1.0,1.0,1.0,0.0,88.88888888888889,88.88888888888889,0,UU,2
Rotom-Mow,50,65,107,105,107,86,0.3,0.3,NU,DP,2,4,0,3,1,0,2,1,0,1,0,0,3,0,4,2,0,0,0,2,3,3,2,2,2,1,3,3,2,1.0,9,8,7,7,7,5,1,8,7,6,6,6,3.0,2.0,1.0,0.0,0.0,3,0,1.0,1.0,1.0,1.0,1.0,0.0,88.88888888888889,88.88888888888889,0,NU,0
Roserade,60,70,65,125,105,90,14.5,0.9,RU,DP,3,4,0,4,1,0,2,2,3,0,0,1,0,0,4,3,2,0,0,2,5,5,3,2,1,1,4,4,3,2.0,6,6,6,6,6,3,2,7,6,6,6,6,2.0,2.0,2.0,1.0,1.0,4,1,1.0,1.0,1.0,1.0,1.0,1.0,100.0,50.0,0,RU,1
Togekiss,85,50,95,120,115,80,38.0,1.5,RU,DP,3,5,0,2,2,2,2,9,0,1,0,2,0,0,4,2,2,1,0,1,9,8,4,3,1,0,7,6,5,3.0,15,14,13,12,11,9,4,13,12,11,11,7,4.0,4.0,3.0,1.0,1.0,3,0,1.0,1.0,0.0,0.0,0.0,0.0,50.0,50.0,0,RU,1
Magnezone,70,70,115,130,90,60,180.0,1.2,OU,DP,5,2,1,9,2,1,2,13,0,0,0,0,3,0,2,0,0,0,0,2,7,7,6,5,3,0,5,4,4,2.0,6,6,6,4,4,3,0,3,3,3,3,3,3.0,3.0,3.0,2.0,1.0,3,0,1.0,1.0,1.0,0.0,0.0,0.0,66.66666666666666,66.66666666666666,1,OU,3
Heatran,91,90,106,130,106,77,430.0,1.7,OU,DP,5,2,1,4,5,1,2,14,2,0,0,0,0,0,3,0,0,0,0,1,14,14,11,9,7,1,8,8,6,2.0,9,9,9,7,6,4,2,7,7,7,7,6,3.0,3.0,3.0,2.0,1.0,3,1,1.0,1.0,1.0,1.0,0.0,0.0,80.0,80.0,0,OU,3
Gastrodon,111,83,68,92,82,39,29.9,0.9,RU,DP,3,0,1,4,0,1,2,6,0,0,0,0,0,0,2,0,0,1,0,2,8,8,5,3,2,1,6,6,4,1.0,10,8,8,8,8,7,6,7,6,6,6,5,3.0,3.0,1.0,1.0,1.0,2,0,1.0,0.0,0.0,0.0,0.0,0.0,1.0,0.0,2,RU,1
Bronzong,67,89,116,79,116,33,187.0,1.3,NU,DP,2,4,0,8,1,1,2,10,2,0,0,0,0,0,3,0,0,0,0,2,10,10,7,6,4,1,7,7,6,2.0,8,8,8,7,7,4,1,6,6,6,5,4,3.0,3.0,3.0,2.0,1.0,3,0,1.0,1.0,1.0,1.0,1.0,0.0,88.88888888888889,88.88888888888889,1,NU,0
Garchomp,108,130,95,80,85,102,95.0,1.9,OU,DP,5,2,1,3,0,1,2,3,2,0,0,0,0,0,4,0,0,0,0,1,17,16,13,10,5,1,13,13,9,2.0,6,6,6,5,5,4,3,5,5,5,5,5,3.0,3.0,2.0,1.0,1.0,2,0,1.0,1.0,1.0,0.0,0.0,0.0,66.66666666666666,66.66666666666666,0,OU,3
Hippowdon,108,112,118,68,72,47,300.0,2.0,OU,DP,5,3,0,2,0,1,1,3,2,0,0,0,0,0,2,0,0,0,1,2,16,16,13,7,5,1,9,9,6,2.0,1,1,1,1,1,1,0,3,3,3,3,3,1.0,1.0,1.0,1.0,1.0,2,0,1.0,1.0,1.0,1.0,1.0,1.0,100.0,0.0,0,OU,3
Drapion,70,90,110,60,75,95,61.5,1.3,NU,DP,2,1,0,4,0,1,2,7,1,0,0,0,0,2,4,0,1,0,0,0,15,14,10,5,2,1,13,13,9,1.0,5,5,5,5,3,1,1,6,5,5,5,5,1.0,1.0,1.0,1.0,1.0,2,0,1.0,1.0,0.0,0.0,0.0,0.0,50.0,50.0,0,NU,0
Rhyperior,115,140,130,55,55,40,282.8,2.4,RU,DP,3,4,2,4,1,1,2,2,2,0,0,0,0,0,4,0,0,0,0,2,32,31,24,16,8,1,14,14,13,4.0,13,11,11,10,10,8,4,10,10,10,10,9,6.0,6.0,3.0,1.0,1.0,2,0,1.0,1.0,1.0,1.0,1.0,1.0,100.0,50.0,0,RU,1
Tangrowth,100,100,125,110,50,50,128.6,2.0,UU,DP,4,5,0,4,0,0,1,-1,0,0,0,0,0,2,4,0,2,2,0,5,9,8,5,4,2,2,8,8,6,2.0,5,5,5,5,5,3,2,9,7,7,6,4,3.0,3.0,3.0,1.0,1.0,4,1,1.0,1.0,1.0,1.0,1.0,1.0,100.0,50.0,0,UU,2
Mamoswine,110,130,80,70,60,80,291.0,2.5,UU,DP,4,5,0,1,0,1,2,0,2,0,0,0,0,2,2,2,0,0,0,2,16,16,13,9,6,3,9,8,6,2.0,5,3,3,3,3,3,2,4,4,4,4,3,2.0,2.0,1.0,1.0,1.0,1,0,1.0,1.0,1.0,0.0,0.0,0.0,66.66666666666666,66.66666666666666,0,UU,2
Azelf,75,125,70,125,70,115,0.3,0.3,UU,DP,4,3,0,2,0,0,1,-1,2,0,0,0,3,2,4,0,2,0,0,2,10,10,6,4,3,0,9,9,7,1.0,13,13,12,11,11,8,3,9,8,8,8,7,4.0,4.0,2.0,1.0,1.0,3,0,1.0,1.0,1.0,1.0,1.0,0.0,88.88888888888889,88.88888888888889,0,UU,2
Dialga,100,120,120,150,100,90,683.0,5.4,Uber,DP,6,2,0,8,1,1,2,12,2,0,0,0,0,0,3,0,0,0,0,2,15,14,11,10,6,1,9,9,6,2.0,15,13,13,11,11,10,4,9,9,9,9,9,6.0,6.0,4.0,2.0,1.0,3,0,1.0,1.0,1.0,0.0,0.0,0.0,73.33333333333333,73.33333333333333,0,Uber,4
Palkia,90,120,100,150,120,100,336.0,4.2,Uber,DP,6,2,0,1,2,0,2,3,0,0,0,0,0,0,3,0,0,0,0,2,17,16,12,11,6,1,10,10,6,3.0,15,13,13,12,12,11,5,9,9,9,9,9,7.0,7.0,3.0,1.0,1.0,3,1,1.0,1.0,1.0,0.0,0.0,0.0,73.33333333333333,73.33333333333333,0,Uber,4
Giratina,150,100,120,100,120,90,750.0,4.5,Uber,DP,6,5,0,6,0,2,2,9,0,1,1,0,0,0,3,2,0,0,0,2,11,11,9,8,4,2,11,11,8,3.0,13,11,11,10,10,7,1,12,12,12,12,9,4.0,3.0,2.0,1.0,1.0,3,0,1.0,1.0,1.0,0.0,0.0,0.0,73.33333333333333,73.33333333333333,0,Uber,4
Giratina-Origin,150,120,100,120,100,90,650.0,6.9,Uber,DP,6,5,0,6,0,2,2,9,0,1,1,0,0,0,3,2,0,0,0,2,11,11,9,8,4,2,11,11,8,3.0,13,11,11,10,10,7,1,12,12,12,12,9,4.0,3.0,2.0,1.0,1.0,3,0,1.0,1.0,1.0,1.0,1.0,0.0,88.88888888888889,88.88888888888889,0,Uber,4
Seismitoad,105,95,75,85,75,74,62.0,1.5,RU,BW,3,0,1,4,0,1,2,6,2,0,0,0,0,2,2,0,2,0,0,5,12,11,7,6,3,2,10,10,9,3.0,10,8,8,8,8,6,4,7,6,6,6,5,3.0,3.0,2.0,1.0,1.0,1,0,1.0,1.0,1.0,0.0,0.0,0.0,66.66666666666666,66.66666666666666,0,RU,1
Krookodile,95,117,80,65,70,92,96.3,1.5,UU,BW,4,6,0,4,0,2,2,6,2,0,0,0,0,2,3,0,0,0,0,0,27,26,19,13,8,2,13,13,8,3.0,7,7,7,6,5,3,1,7,7,7,7,6,2.0,2.0,2.0,1.0,1.0,2,0,1.0,1.0,1.0,1.0,0.0,0.0,80.0,80.0,0,UU,2
Ferrothorn,74,94,131,54,116,20,110.0,1.0,OU,BW,5,1,1,8,1,1,2,11,3,0,0,0,0,2,4,0,2,0,0,2,11,11,9,6,4,1,11,9,5,3.0,6,6,6,5,5,2,0,5,5,4,4,4,3.0,3.0,2.0,2.0,1.0,3,0,1.0,1.0,1.0,0.0,0.0,0.0,66.66666666666666,66.66666666666666,0,OU,3
Chandelure,60,55,90,145,90,80,34.3,1.0,RU,BW,3,5,0,6,1,2,2,11,0,0,1,0,0,0,3,0,0,0,0,1,2,2,1,1,1,1,4,4,2,2.0,11,11,11,11,10,7,4,8,8,8,7,6,3.0,2.0,2.0,1.0,1.0,3,0,1.0,1.0,1.0,1.0,0.0,0.0,80.0,80.0,0,RU,1
Volcarona,85,60,65,135,105,100,46.0,1.6,OU,BW,5,2,1,5,1,0,2,3,0,1,0,0,3,0,5,0,2,1,0,3,8,8,6,4,1,1,7,7,6,2.0,8,8,8,8,6,6,4,6,5,5,5,5,3.0,3.0,2.0,1.0,1.0,3,0,1.0,1.0,1.0,1.0,0.0,0.0,80.0,80.0,0,OU,3
Excadrill,110,135,60,50,65,88,40.4,0.7,OU,BW,5,4,0,7,1,2,2,13,2,1,0,0,0,0,4,0,0,0,0,5,13,12,9,5,1,1,10,10,7,1.0,4,4,4,3,3,3,1,5,5,5,5,5,3.0,3.0,3.0,2.0,1.0,1,0,1.0,1.0,1.0,1.0,1.0,0.0,83.33333333333334,83.33333333333334,0,OU,3
Conkeldurr,105,140,95,55,65,45,87.0,1.4,UU,BW,4,3,0,3,0,0,1,0,0,1,0,0,0,2,5,2,2,0,0,0,19,18,11,8,4,2,9,9,8,2.0,2,2,2,2,2,1,0,2,2,2,2,2,2.0,2.0,2.0,1.0,1.0,2,0,1.0,1.0,1.0,1.0,1.0,1.0,100.0,55.55555555555556,0,UU,2
Darmanitan,105,140,55,30,55,95,92.9,1.3,RU,BW,3,3,0,6,0,0,1,3,0,0,0,0,3,0,3,0,0,0,0,1,18,17,11,7,4,2,8,8,8,3.0,9,9,9,9,8,7,3,4,4,4,4,4,4.0,4.0,4.0,1.0,1.0,3,0,1.0,1.0,0.0,0.0,0.0,0.0,55.55555555555556,55.55555555555556,0,RU,1
Zoroark,60,105,60,120,60,105,81.1,1.6,NU,BW,2,3,0,2,0,1,1,3,0,0,0,0,3,2,4,2,0,0,0,0,7,7,4,2,1,0,7,7,4,1.0,9,8,8,8,7,4,2,7,7,7,7,7,2.0,2.0,2.0,1.0,1.0,3,0,1.0,0.0,0.0,0.0,0.0,0.0,1.0,0.0,1,NU,0
Reuniclus,110,65,75,125,85,30,20.1,1.0,RU,BW,3,3,0,2,0,0,1,-1,0,0,0,0,0,2,3,0,2,2,0,2,12,12,7,4,2,0,9,8,8,3.0,10,10,9,9,9,5,1,8,7,7,7,7,4.0,4.0,3.0,1.0,1.0,3,0,1.0,1.0,1.0,1.0,1.0,1.0,100.0,40.0,0,RU,1
Escavalier,70,135,105,60,105,20,33.0,1.0,NU,BW,2,0,1,7,1,1,2,11,0,0,0,0,0,2,4,0,2,0,0,0,8,8,6,4,2,1,9,9,7,3.0,4,4,4,3,2,1,0,6,6,5,5,5,3.0,3.0,3.0,2.0,1.0,2,0,1.0,1.0,0.0,0.0,0.0,0.0,50.0,50.0,0,NU,0
Amoonguss,114,85,70,85,80,30,10.5,0.6,UU,BW,4,4,0,4,1,0,2,2,0,0,0,0,0,0,3,0,2,2,0,2,3,3,1,1,1,0,6,4,4,1.0,5,5,5,5,5,3,2,5,5,5,5,4,1.0,1.0,1.0,1.0,1.0,5,0,1.0,1.0,1.0,1.0,1.0,1.0,100.0,50.0,0,UU,2
Mienshao,65,125,60,95,60,105,35.5,1.4,RU,BW,3,3,0,3,0,0,1,0,0,0,0,0,3,2,4,1,2,2,0,0,12,11,6,4,2,1,9,9,7,2.0,3,3,3,3,3,2,0,2,2,2,2,2,2.0,2.0,2.0,1.0,1.0,2,0,1.0,1.0,1.0,1.0,1.0,1.0,100.0,12.5,0,RU,1
Golurk,89,124,80,55,80,55,330.0,2.8,NU,BW,2,5,0,2,1,3,2,11,2,0,1,0,0,0,2,0,2,0,0,1,24,23,15,11,9,3,11,11,11,3.0,9,8,8,8,8,5,1,8,8,8,8,8,2.0,2.0,2.0,1.0,1.0,3,0,1.0,1.0,1.0,1.0,1.0,1.0,100.0,33.33333333333333,0,NU,0
Bisharp,65,125,100,60,70,70,70.0,1.6,OU,BW,5,2,1,9,0,2,2,13,2,0,2,0,0,2,4,2,0,0,0,0,14,13,8,6,2,0,12,12,8,1.0,6,6,6,5,4,2,0,5,5,5,5,4,3.0,3.0,3.0,2.0,1.0,3,0,1.0,1.0,1.0,0.0,0.0,0.0,73.33333333333333,73.33333333333333,0,OU,3
Braviary,100,123,75,57,75,80,41.0,1.5,NU,BW,2,3,0,2,0,2,2,7,0,1,2,0,3,0,3,0,0,1,0,3,11,11,7,5,2,2,8,8,6,3.0,3,3,3,3,2,2,1,3,3,3,3,3,2.0,2.0,1.0,1.0,1.0,2,0,1.0,1.0,1.0,0.0,0.0,0.0,66.66666666666666,66.66666666666666,0,NU,0
Mandibuzz,110,65,105,55,95,80,39.5,1.2,OU,BW,5,4,0,3,0,2,2,7,0,1,0,0,3,2,4,0,0,1,0,0,6,6,3,3,2,1,6,6,3,2.0,5,5,5,5,3,1,0,5,5,5,5,4,1.0,1.0,1.0,1.0,1.0,2,0,1.0,0.0,0.0,0.0,0.0,0.0,40.0,40.0,0,OU,3
Hydreigon,92,105,90,125,90,98,160.0,1.8,OU,BW,5,4,1,6,0,1,2,4,0,1,0,0,3,0,4,0,0,1,0,0,21,21,16,11,5,1,14,13,10,4.0,14,13,13,11,9,6,4,10,10,10,10,9,6.0,6.0,4.0,1.0,1.0,3,0,1.0,1.0,1.0,1.0,1.0,0.0,88.88888888888889,88.88888888888889,0,OU,3
Cobalion,91,90,129,90,72,108,250.0,2.1,RU,BW,3,3,0,6,2,1,2,11,2,0,0,0,3,0,4,1,0,0,0,0,13,12,9,6,4,1,8,8,8,3.0,4,4,4,3,3,2,0,4,4,4,4,3,3.0,3.0,3.0,2.0,1.0,3,0,1.0,1.0,1.0,0.0,0.0,0.0,66.66666666666666,66.66666666666666,0,RU,1
Tornadus-Therian,79,100,80,110,90,121,63.0,1.4,OU,BW,5,3,0,3,0,1,1,4,0,1,0,0,3,2,4,0,0,2,0,3,10,9,5,2,2,0,7,6,5,2.0,10,9,9,9,8,6,3,8,8,8,8,7,3.0,3.0,2.0,1.0,1.0,2,0,1.0,1.0,1.0,1.0,1.0,1.0,100.0,0.0,0,OU,3
Thundurus-Therian,79,105,70,145,80,101,61.0,3.0,UU,BW,4,2,0,5,0,1,2,7,0,1,0,0,3,2,4,0,0,0,0,2,12,11,6,3,2,0,8,7,6,2.0,10,10,10,10,10,7,2,8,8,8,8,7,3.0,3.0,2.0,1.0,1.0,3,0,1.0,1.0,1.0,0.0,0.0,0.0,66.66666666666666,66.66666666666666,0,UU,2
Reshiram,100,120,100,150,120,90,330.0,3.2,Uber,BW,6,3,0,3,2,0,2,4,0,1,0,0,0,0,4,0,0,1,0,2,16,16,13,11,7,1,10,10,8,3.0,12,11,11,10,9,8,4,8,8,8,8,7,4.0,4.0,4.0,1.0,1.0,3,1,1.0,1.0,1.0,1.0,1.0,0.0,83.33333333333334,83.33333333333334,0,Uber,4
Zekrom,100,150,120,120,100,90,345.0,2.9,Uber,BW,6,4,0,5,1,0,2,3,0,1,0,0,3,0,4,0,0,1,0,2,16,16,12,10,5,0,10,10,8,2.0,10,9,9,8,8,6,1,9,9,9,9,8,4.0,4.0,3.0,1.0,1.0,3,1,1.0,1.0,1.0,1.0,1.0,0.0,83.33333333333334,83.33333333333334,0,Uber,4
Landorus,89,125,90,115,80,101,68.0,1.5,Uber,BW,6,1,1,3,0,2,2,8,2,1,0,0,3,2,4,0,0,0,0,2,13,12,8,5,3,1,8,8,7,3.0,6,6,6,6,6,5,2,5,5,5,5,5,2.0,2.0,2.0,1.0,1.0,1,0,1.0,1.0,0.0,0.0,0.0,0.0,55.55555555555556,55.55555555555556,0,Uber,4
Landorus-Therian,89,145,90,105,80,91,68.0,1.3,OU,BW,5,1,1,3,0,2,2,8,2,1,0,0,3,2,4,0,0,0,0,2,13,12,8,5,3,1,8,8,7,3.0,6,6,6,6,6,5,2,5,5,5,5,5,2.0,2.0,2.0,1.0,1.0,1,0,1.0,1.0,1.0,0.0,0.0,0.0,71.42857142857143,71.42857142857143,0,OU,3
Kyurem,125,130,90,130,90,95,325.0,3.0,OU,BW,5,5,0,3,0,0,2,-2,0,0,0,0,0,0,4,0,0,1,0,2,14,14,11,10,5,1,10,9,7,2.0,12,9,9,8,8,6,3,9,9,9,9,8,4.0,4.0,3.0,1.0,1.0,2,0,1.0,1.0,1.0,0.0,0.0,0.0,73.33333333333333,73.33333333333333,0,OU,3
Kyurem-Black,125,170,100,120,90,95,325.0,3.3,Uber,BW,6,5,0,3,0,0,2,-2,0,0,0,0,0,0,4,0,0,1,0,2,14,14,11,10,5,1,10,9,7,2.0,12,9,9,8,8,6,3,9,9,9,9,8,4.0,4.0,3.0,1.0,1.0,2,0,1.0,1.0,1.0,1.0,1.0,0.0,83.33333333333334,83.33333333333334,0,Uber,4
Kyurem-White,125,120,90,170,100,95,325.0,3.6,Uber,BW,6,5,0,3,0,0,2,-2,0,0,0,0,0,0,4,0,0,1,0,2,14,14,11,10,5,1,10,9,7,2.0,12,9,9,8,8,6,3,9,9,9,9,8,4.0,4.0,3.0,1.0,1.0,2,0,1.0,1.0,1.0,1.0,1.0,0.0,83.33333333333334,83.33333333333334,0,Uber,4
Keldeo,91,72,90,129,90,108,48.5,1.4,UU,BW,4,5,0,7,0,0,2,2,0,0,0,0,3,0,4,2,0,0,0,0,13,12,9,6,4,1,8,8,7,3.0,7,6,6,6,6,5,2,5,5,5,5,3,3.0,3.0,2.0,1.0,1.0,2,1,1.0,1.0,1.0,0.0,0.0,0.0,66.66666666666666,66.66666666666666,0,UU,2
Genesect,71,120,95,120,95,99,82.5,1.5,Uber,BW,6,0,1,7,1,1,2,11,0,0,0,0,3,0,4,2,2,0,0,2,8,8,4,2,1,0,9,9,7,2.0,12,11,11,9,8,5,2,9,9,9,9,9,4.0,4.0,3.0,2.0,1.0,3,0,1.0,1.0,0.0,0.0,0.0,0.0,50.0,50.0,0,Uber,4
Zygarde,108,100,121,81,95,95,305.0,5.0,Uber,XY,6,2,1,3,0,1,2,3,0,0,0,0,0,0,4,2,0,0,0,0,13,12,9,7,4,1,9,9,8,3.0,7,6,6,5,5,4,2,6,6,6,6,5,3.0,3.0,3.0,1.0,1.0,4,1,1.0,0.0,0.0,0.0,0.0,0.0,1.0,0.0,1,Uber,4
Aegislash,60,50,140,50,140,60,53.0,1.7,UU,XY,4,4,0,8,1,3,2,18,0,0,1,0,0,0,4,2,0,0,0,2,10,9,8,5,3,1,9,9,4,3.0,4,4,4,3,3,1,0,5,5,5,5,3,2.0,2.0,2.0,2.0,1.0,4,0,1.0,0.0,0.0,0.0,0.0,0.0,1.0,0.0,1,UU,2
Hawlucha,78,92,75,74,63,118,21.5,0.8,OU,XY,5,5,0,3,1,1,2,4,0,1,0,0,3,0,4,0,2,1,0,0,22,21,13,10,4,2,13,13,12,3.0,2,2,2,2,2,1,0,2,2,2,2,1,1.0,1.0,1.0,0.0,0.0,2,0,1.0,1.0,1.0,1.0,1.0,0.0,83.33333333333334,83.33333333333334,1,OU,3
Noivern,85,70,80,97,80,123,85.0,1.5,RU,XY,3,3,1,4,1,1,2,5,0,1,0,0,3,0,4,0,1,1,0,3,9,8,6,4,1,0,9,9,7,3.0,12,11,11,10,9,7,4,10,9,9,9,8,5.0,4.0,3.0,1.0,1.0,2,0,1.0,1.0,0.0,0.0,0.0,0.0,60.0,60.0,0,RU,1
Talonflame,78,81,71,74,69,126,24.5,1.2,NU,XY,2,2,1,4,2,1,2,8,0,1,0,0,3,0,4,3,0,1,0,3,5,5,4,3,2,2,5,5,3,3.0,5,5,5,5,4,4,3,3,3,3,3,3,3.0,3.0,2.0,1.0,1.0,3,0,1.0,1.0,1.0,1.0,0.0,0.0,80.0,80.0,1,NU,0
Doublade,59,110,150,45,49,35,4.5,0.8,RU,XY,3,4,0,8,1,3,2,18,0,0,1,0,0,0,4,2,0,0,0,2,9,8,7,4,2,1,9,9,3,1.0,2,2,2,1,1,0,0,3,3,3,3,1,1.0,1.0,1.0,1.0,0.0,2,0,1.0,1.0,1.0,1.0,1.0,1.0,100.0,0.0,0,RU,1
Dragalge,65,75,90,97,123,44,81.5,1.8,NU,XY,2,4,0,6,1,0,2,4,1,0,0,0,3,0,2,0,0,0,0,2,7,7,6,4,2,0,7,7,7,3.0,12,11,11,10,10,8,5,8,8,8,8,7,5.0,5.0,3.0,1.0,1.0,2,0,1.0,1.0,1.0,1.0,1.0,1.0,100.0,0.0,0,NU,0
Tyrantrum,82,121,119,69,59,71,270.0,2.5,NU,XY,2,6,0,4,1,0,2,0,2,0,0,0,0,0,4,0,0,0,0,0,25,24,19,14,9,2,14,14,9,4.0,5,4,4,3,3,2,1,5,5,5,5,4,2.0,2.0,2.0,1.0,1.0,2,0,1.0,1.0,0.0,0.0,0.0,0.0,50.0,50.0,0,NU,0
Sylveon,95,65,65,110,130,60,23.5,1.0,NU,XY,2,2,0,3,0,1,1,5,0,0,0,2,0,0,3,1,1,0,0,2,3,3,1,1,1,0,6,5,4,1.0,7,6,5,5,5,4,3,7,6,6,6,4,1.0,1.0,1.0,1.0,1.0,2,0,1.0,0.0,0.0,0.0,0.0,0.0,33.33333333333333,33.33333333333333,1,NU,0
Goodra,90,100,70,110,150,80,150.5,2.0,NU,XY,2,3,0,4,0,0,1,1,0,0,0,0,0,0,2,0,0,0,0,2,13,13,8,7,3,2,13,13,10,4.0,13,12,12,11,11,10,7,11,9,9,9,8,7.0,7.0,3.0,1.0,1.0,2,0,1.0,1.0,0.0,0.0,0.0,0.0,50.0,50.0,0,NU,0
Klefki,57,80,91,80,87,75,3.0,0.2,RU,XY,3,2,0,8,1,2,2,16,3,1,0,0,0,0,3,3,1,0,0,0,3,3,2,2,2,0,4,3,3,1.0,6,6,5,4,4,3,1,4,4,4,4,4,2.0,2.0,2.0,2.0,1.0,3,0,1.0,1.0,1.0,1.0,1.0,1.0,100.0,0.0,0,RU,1
Xerneas,126,131,95,131,98,99,215.0,3.0,Uber,XY,6,2,0,3,0,1,1,5,0,1,0,1,0,0,5,0,3,0,0,2,9,9,6,5,3,1,9,9,7,4.0,10,9,9,9,9,7,2,7,7,7,7,6,3.0,3.0,2.0,1.0,1.0,3,0,1.0,0.0,0.0,0.0,0.0,0.0,1.0,0.0,1,Uber,4
Yveltal,126,131,95,131,98,99,203.0,5.8,Uber,XY,6,4,0,3,0,2,2,7,0,1,0,0,3,2,2,2,4,1,0,3,9,9,6,4,2,0,8,8,7,2.0,9,8,8,8,6,4,1,7,7,7,7,7,4.0,3.0,2.0,1.0,1.0,2,0,1.0,0.0,0.0,0.0,0.0,0.0,1.0,0.0,1,Uber,4
Diancie,50,100,150,100,150,50,8.8,0.7,NU,XY,2,3,1,5,0,1,2,4,2,0,0,1,0,0,3,0,1,0,0,2,10,10,7,5,4,0,5,4,4,1.0,8,8,7,7,7,7,3,6,6,6,6,5,1.0,1.0,1.0,1.0,1.0,2,1,1.0,1.0,1.0,0.0,0.0,0.0,66.66666666666666,66.66666666666666,0,NU,0
Volcanion,80,110,120,130,90,70,195.0,1.7,RU,XY,3,3,0,2,3,0,2,5,0,1,0,0,0,0,3,0,0,0,0,2,16,15,12,9,7,2,7,7,6,3.0,11,11,11,11,10,9,6,7,7,7,7,7,4.0,4.0,3.0,1.0,1.0,3,1,1.0,1.0,0.0,0.0,0.0,0.0,57.14285714285714,57.14285714285714,0,RU,1
Tapu Koko,70,115,85,95,75,130,20.5,1.8,OU,SM,5,2,0,5,0,1,2,7,0,1,0,0,3,0,3,1,0,1,1,2,7,7,4,3,1,1,5,5,4,2.0,7,6,5,5,5,4,0,4,3,3,3,3,2.0,2.0,1.0,1.0,1.0,3,0,1.0,0.0,0.0,0.0,0.0,0.0,1.0,0.0,1,OU,3
Tapu Lele,70,85,75,130,115,95,18.6,1.2,OU,SM,5,3,0,1,1,1,2,4,0,0,0,1,0,0,3,0,1,0,1,2,3,3,2,1,1,0,5,4,2,1.0,12,12,11,11,11,8,2,7,7,7,7,7,4.0,4.0,3.0,1.0,1.0,2,0,1.0,0.0,0.0,0.0,0.0,0.0,1.0,0.0,1,OU,3
Tapu Bulu,70,130,115,85,95,75,45.5,1.9,UU,SM,4,4,1,6,0,1,2,4,0,0,0,0,0,0,4,0,3,0,1,1,15,14,10,6,5,2,10,10,8,4.0,6,6,5,5,4,2,0,6,5,5,5,4,2.0,2.0,2.0,1.0,1.0,2,0,1.0,1.0,1.0,1.0,1.0,1.0,100.0,0.0,0,UU,2
Tapu Fini,70,75,115,95,130,85,21.2,1.3,OU,SM,5,3,0,6,0,1,2,7,0,1,0,0,0,2,3,0,1,0,1,1,5,5,4,2,2,0,5,5,4,1.0,11,9,8,8,8,5,4,6,5,5,5,5,3.0,3.0,1.0,1.0,1.0,3,0,1.0,1.0,1.0,1.0,1.0,1.0,100.0,0.0,0,OU,3
Ninetales-Alola,73,67,75,81,100,109,19.9,1.1,UU,SM,4,3,1,3,0,1,2,2,0,0,0,1,0,0,4,2,1,0,1,2,5,5,2,2,2,0,7,7,6,1.0,10,8,7,7,7,6,4,6,6,6,6,5,3.0,2.0,1.0,1.0,1.0,2,0,1.0,0.0,0.0,0.0,0.0,0.0,1.0,0.0,1,UU,2
Marowak-Alola,60,80,110,50,80,45,34.0,1.0,RU,SM,3,5,0,6,1,2,2,11,2,0,1,0,0,2,4,0,0,0,0,2,19,18,10,10,4,3,12,12,10,5.0,13,11,11,11,10,8,3,11,11,11,11,9,6.0,5.0,2.0,1.0,1.0,3,1,1.0,1.0,0.0,0.0,0.0,0.0,50.0,50.0,0,RU,1
Decidueye,78,107,75,100,100,70,36.6,1.6,NU,SM,2,5,0,4,0,2,2,7,0,1,1,0,3,2,4,2,2,1,0,3,9,9,7,4,3,3,9,9,4,3.0,7,7,7,7,7,4,2,4,4,4,4,4,3.0,3.0,2.0,1.0,1.0,2,1,1.0,1.0,0.0,0.0,0.0,0.0,50.0,50.0,1,NU,0
Incineroar,95,115,90,80,90,60,83.0,1.8,RU,SM,3,4,0,6,0,1,2,6,0,0,0,0,3,2,4,1,2,0,0,0,21,20,14,10,6,3,10,10,8,4.0,7,7,7,7,5,4,2,5,5,5,5,4,3.0,3.0,3.0,1.0,1.0,3,0,1.0,1.0,1.0,0.0,0.0,0.0,71.42857142857143,71.42857142857143,0,RU,1
Primarina,80,74,74,126,116,60,44.0,1.8,UU,SM,4,3,0,6,0,1,2,7,0,0,0,0,3,0,3,2,1,0,0,2,6,6,5,3,2,0,6,5,4,1.0,13,10,9,9,9,6,4,7,7,7,7,7,3.0,3.0,2.0,2.0,2.0,2,0,1.0,1.0,1.0,1.0,0.0,0.0,75.0,75.0,0,UU,2
Lycanroc-Dusk,75,117,65,55,65,110,25.0,0.8,UU,SM,4,5,0,4,0,0,1,-1,2,0,0,0,0,0,4,2,0,0,0,0,15,14,11,9,5,1,11,11,9,3.0,3,2,2,2,1,1,0,3,3,3,3,2,0.0,0.0,0.0,0.0,0.0,2,0,1.0,0.0,0.0,0.0,0.0,0.0,1.0,0.0,1,UU,2
Toxapex,50,63,152,53,142,35,14.5,0.7,OU,SM,5,3,0,8,0,0,2,5,1,0,0,0,0,2,0,0,0,2,0,1,4,4,2,2,0,0,7,5,2,1.0,9,7,7,7,7,6,5,7,6,6,6,3,2.0,2.0,0.0,0.0,0.0,4,0,1.0,1.0,1.0,1.0,1.0,1.0,100.0,0.0,0,OU,3
Mudsdale,100,125,100,55,85,35,920.0,2.5,NU,SM,2,3,0,2,0,1,1,3,2,0,0,0,0,0,0,0,0,0,0,0,14,14,9,6,4,2,6,6,6,2.0,2,2,2,2,2,2,0,3,3,3,3,3,2.0,2.0,2.0,1.0,1.0,1,0,1.0,0.0,0.0,0.0,0.0,0.0,12.5,12.5,1,NU,0
Araquanid,68,70,92,50,132,42,82.0,1.8,NU,SM,2,3,0,5,0,0,2,2,4,0,0,0,0,0,0,0,2,0,0,1,8,8,6,4,2,1,5,5,4,0.0,7,5,5,5,4,3,3,4,4,4,4,3,2.0,2.0,0.0,0.0,0.0,1,0,1.0,1.0,0.0,0.0,0.0,0.0,57.14285714285714,57.14285714285714,1,NU,0
Salazzle,68,64,60,111,60,117,22.2,1.2,NU,SM,2,3,1,5,3,0,2,6,0,0,0,0,0,2,4,1,1,0,0,0,10,10,9,7,4,1,9,9,5,2.0,7,7,7,6,5,5,4,5,4,4,4,3,2.0,2.0,2.0,0.0,0.0,3,0,1.0,0.0,0.0,0.0,0.0,0.0,25.0,25.0,1,NU,0
Comfey,51,52,90,82,110,100,0.3,0.1,NU,SM,2,2,0,3,0,1,1,5,0,1,0,1,3,0,3,3,2,0,0,2,4,4,3,1,1,0,5,5,2,0.0,4,4,3,3,3,1,0,5,4,4,4,4,2.0,2.0,2.0,1.0,1.0,3,0,1.0,1.0,1.0,1.0,1.0,1.0,100.0,0.0,0,NU,0
Golisopod,75,125,140,60,90,40,108.0,2.0,RU,SM,3,3,0,5,0,0,2,2,3,0,0,0,0,2,4,2,1,0,0,1,14,13,9,6,1,1,12,12,9,2.0,11,9,9,9,7,5,4,8,8,8,8,7,3.0,3.0,2.0,1.0,1.0,2,0,1.0,0.0,0.0,0.0,0.0,0.0,1.0,0.0,1,RU,1
Mimikyu,55,90,80,50,105,96,0.7,0.2,RU,SM,3,2,0,0,1,3,2,12,0,0,1,0,0,0,4,2,2,0,0,2,6,6,4,3,2,1,6,6,5,2.0,7,7,7,7,7,5,0,8,7,7,7,6,3.0,2.0,1.0,1.0,1.0,3,0,1.0,0.0,0.0,0.0,0.0,0.0,1.0,0.0,1,RU,1
Dhelmise,70,131,100,86,90,40,210.0,3.9,NU,SM,2,5,0,4,0,2,2,7,0,1,1,0,0,2,4,0,2,0,0,2,13,12,10,8,5,3,10,10,8,4.0,8,8,8,8,8,3,2,6,6,6,6,6,2.0,2.0,1.0,1.0,1.0,2,0,1.0,0.0,0.0,0.0,0.0,0.0,1.0,0.0,1,NU,0
Kommo-o,75,110,125,100,105,85,78.2,1.6,UU,SM,4,4,1,7,0,0,2,1,2,0,0,0,0,0,5,0,2,0,0,0,21,20,14,12,6,2,15,15,12,3.0,8,7,7,6,6,5,3,7,7,7,7,5,3.0,3.0,3.0,1.0,1.0,2,1,1.0,0.0,0.0,0.0,0.0,0.0,40.0,40.0,1,UU,2
Solgaleo,137,137,107,113,89,97,230.0,3.4,Uber,SM,6,4,0,8,1,1,2,10,0,0,0,0,1,2,3,0,0,0,0,2,17,17,14,12,8,3,10,10,10,5.0,13,12,12,11,10,9,4,7,7,7,7,6,6.0,6.0,4.0,2.0,1.0,3,1,1.0,1.0,1.0,0.0,0.0,0.0,66.66666666666666,66.66666666666666,0,Uber,4
Lunala,137,113,89,137,107,97,120.0,4.0,Uber,SM,6,0,2,2,0,2,2,6,0,1,1,0,1,0,3,0,0,1,0,2,6,6,5,2,1,1,4,4,3,3.0,15,13,13,13,12,11,3,9,9,9,9,8,5.0,5.0,3.0,1.0,1.0,3,1,1.0,1.0,1.0,1.0,1.0,1.0,100.0,0.0,0,Uber,4
Nihilego,109,53,47,127,131,103,55.5,1.2,UU,SM,4,3,1,5,1,0,2,2,2,0,0,0,0,2,3,0,0,0,0,2,9,9,5,5,2,0,6,6,6,2.0,11,11,11,11,11,10,4,7,7,7,7,5,1.0,1.0,0.0,0.0,0.0,3,0,1.0,1.0,1.0,1.0,1.0,1.0,100.0,0.0,0,UU,2
Buzzwole,107,139,139,53,53,79,333.6,2.4,UU,SM,4,3,1,5,0,0,2,0,0,0,0,0,0,0,3,0,2,1,0,0,25,24,17,11,6,3,12,12,12,3.0,0,0,0,0,0,0,0,1,1,1,1,0,0.0,0.0,0.0,0.0,0.0,2,0,1.0,1.0,1.0,1.0,1.0,1.0,100.0,0.0,0,UU,2
Pheromosa,71,137,37,137,37,151,25.0,1.8,Uber,SM,6,3,1,5,0,0,2,0,0,1,0,0,3,0,5,0,0,1,0,1,13,12,9,7,4,2,9,8,8,3.0,5,3,3,3,2,2,1,5,5,5,5,4,3.0,3.0,2.0,1.0,1.0,2,0,1.0,1.0,1.0,1.0,1.0,1.0,100.0,0.0,0,Uber,4
Xurkitree,83,89,71,173,71,83,100.0,3.8,RU,SM,3,1,0,3,0,0,1,2,0,0,0,0,3,0,3,0,0,0,0,2,4,4,2,2,1,1,4,4,3,2.0,6,6,6,6,6,4,0,4,4,4,4,4,2.0,2.0,2.0,1.0,1.0,3,0,1.0,1.0,1.0,1.0,1.0,1.0,100.0,0.0,0,RU,1
Celesteela,97,101,103,107,101,61,999.9,9.2,UU,SM,4,2,0,6,2,2,2,16,0,0,0,0,0,0,3,0,2,0,0,1,15,15,11,7,5,1,10,10,9,4.0,7,7,7,6,6,3,2,6,6,6,6,4,3.0,3.0,2.0,2.0,1.0,1,0,1.0,1.0,1.0,1.0,1.0,1.0,100.0,0.0,0,UU,2
Kartana,59,181,131,59,31,109,0.1,0.3,OU,SM,5,1,1,8,1,1,2,11,0,1,0,0,0,2,4,2,2,0,0,2,6,5,4,2,2,1,8,8,4,1.0,2,2,2,1,1,1,0,3,3,3,3,1,1.0,1.0,1.0,1.0,0.0,1,0,1.0,1.0,1.0,1.0,1.0,1.0,100.0,0.0,0,OU,3
Necrozma,97,107,101,127,89,79,230.0,2.4,RU,SM,3,3,0,2,0,0,1,-1,2,0,0,0,0,2,4,0,0,1,0,1,15,14,11,7,3,1,11,11,8,2.0,12,11,10,9,8,6,2,9,9,9,9,8,2.0,2.0,2.0,2.0,2.0,3,0,1.0,1.0,1.0,1.0,1.0,1.0,100.0,0.0,0,RU,1
Necrozma-Dusk Mane,97,157,127,113,109,77,460.0,3.8,Uber,SM,6,4,0,8,1,1,2,10,2,0,0,0,0,2,4,0,0,1,0,1,15,14,11,7,3,1,11,11,8,2.0,12,11,10,9,8,6,2,9,9,9,9,8,2.0,2.0,2.0,2.0,2.0,3,1,1.0,1.0,1.0,1.0,1.0,1.0,100.0,0.0,0,Uber,4
Necrozma-Dawn Wings,97,113,109,157,127,77,350.0,4.2,Uber,SM,6,0,2,2,0,2,2,6,2,0,1,0,0,2,4,0,0,1,0,1,15,14,11,7,3,1,11,11,8,2.0,12,11,10,9,8,6,2,9,9,9,9,8,2.0,2.0,2.0,2.0,2.0,3,1,1.0,1.0,1.0,1.0,1.0,1.0,100.0,0.0,0,Uber,4
Magearna,80,95,115,130,115,65,80.5,1.0,Uber,SM,6,2,0,8,1,2,2,16,0,0,0,1,3,0,4,0,1,0,0,2,5,4,3,2,1,0,5,4,4,2.0,12,12,11,9,9,5,1,9,9,9,9,8,4.0,4.0,4.0,2.0,1.0,3,1,1.0,0.0,0.0,0.0,0.0,0.0,1.0,0.0,1,Uber,4
Marshadow,90,125,80,90,90,125,22.2,0.7,Uber,SM,6,4,0,2,1,2,2,8,0,0,1,0,0,2,3,3,2,0,0,0,24,23,15,11,5,2,14,14,13,4.0,5,5,5,5,5,3,0,3,3,3,3,3,2.0,2.0,2.0,1.0,1.0,3,1,1.0,1.0,0.0,0.0,0.0,0.0,50.0,50.0,0,Uber,4
Naganadel,73,73,73,127,73,121,150.0,3.6,Uber,SM,6,4,0,6,1,0,2,4,3,0,0,0,3,0,4,0,1,0,0,0,13,13,10,7,2,0,8,8,7,4.0,12,12,12,11,9,8,5,8,8,8,8,6,3.0,3.0,2.0,1.0,1.0,2,0,1.0,1.0,1.0,1.0,1.0,1.0,100.0,0.0,0,Uber,4
Stakataka,61,131,211,53,101,13,820.0,5.5,RU,SM,3,1,2,6,2,1,2,9,2,0,0,0,0,0,3,0,0,0,0,0,16,16,11,8,5,1,7,7,6,3.0,2,2,2,1,1,0,0,3,2,2,2,1,1.0,1.0,1.0,1.0,0.0,1,0,1.0,1.0,1.0,1.0,1.0,1.0,100.0,0.0,0,RU,1
Zeraora,88,112,75,102,80,143,44.5,1.5,OU,SM,5,1,0,3,0,0,1,2,0,0,0,0,3,2,3,1,2,0,0,2,15,14,9,6,2,1,9,9,9,3.0,7,7,7,7,6,5,0,4,4,4,4,3,3.0,3.0,2.0,1.0,1.0,3,1,1.0,1.0,1.0,0.0,0.0,0.0,66.66666666666666,66.66666666666666,0,OU,3
Melmetal,135,143,143,80,65,34,800.0,2.5,OU,SM,5,3,0,10,0,1,1,11,0,0,0,0,0,0,2,0,0,0,0,2,16,15,10,7,5,1,8,8,8,3.0,6,6,6,5,5,4,1,4,4,4,4,4,3.0,3.0,2.0,2.0,1.0,3,1,1.0,0.0,0.0,0.0,0.0,0.0,33.33333333333333,33.33333333333333,0,OU,3
Weezing-Galar,65,90,120,85,70,60,16.0,3.0,RU,SS,3,3,0,3,2,1,2,8,1,1,0,1,0,1,2,0,0,0,1,2,5,5,3,2,2,0,4,3,2,1.0,12,12,12,12,11,9,5,9,8,8,8,7,4.0,4.0,4.0,1.0,1.0,3,1,1.0,1.0,1.0,1.0,1.0,1.0,100.0,88.88888888888889,1,RU,1
Articuno-Galar,90,85,85,125,100,95,50.9,1.7,NU,SS,2,5,0,2,1,1,2,3,0,0,2,0,3,0,3,0,0,1,0,3,4,4,3,2,1,1,4,4,2,2.0,8,7,6,6,6,5,2,5,5,5,5,4,3.0,3.0,2.0,1.0,1.0,1,0,1.0,1.0,1.0,1.0,1.0,1.0,100.0,0.0,0,NU,0
Moltres-Galar,90,85,90,100,125,90,66.0,2.0,UU,SS,4,4,0,3,0,2,2,7,0,0,0,0,3,0,4,2,0,0,0,3,5,5,3,3,2,1,4,4,3,2.0,7,6,6,6,5,3,1,5,5,5,5,4,2.0,2.0,1.0,1.0,1.0,2,1,1.0,0.0,0.0,0.0,0.0,0.0,1.0,0.0,1,UU,2
Slowking-Galar,95,65,80,110,110,30,79.5,1.8,OU,SS,5,3,0,3,1,0,2,2,0,0,0,0,0,0,4,0,2,2,0,2,8,7,4,4,3,1,8,8,8,1.0,20,18,17,16,16,13,8,10,10,10,10,9,7.0,7.0,4.0,1.0,1.0,3,0,1.0,1.0,1.0,1.0,1.0,1.0,100.0,0.0,0,OU,3
Darmanitan-Galar,105,140,55,30,55,95,120.0,1.7,Uber,SS,6,4,0,1,0,0,1,-3,0,0,0,0,3,0,3,0,0,0,0,1,20,19,14,9,6,3,9,9,9,3.0,10,9,9,9,8,7,4,5,5,5,5,5,4.0,4.0,3.0,1.0,1.0,3,0,1.0,1.0,0.0,0.0,0.0,0.0,50.0,50.0,1,Uber,4
Rillaboom,100,125,90,60,70,85,90.0,2.1,OU,SS,5,5,0,4,0,0,1,-1,0,0,0,0,3,2,4,1,2,0,1,2,14,13,9,4,4,2,6,6,5,3.0,8,7,7,7,6,4,2,5,5,5,5,4,3.0,3.0,3.0,1.0,1.0,2,0,1.0,1.0,1.0,1.0,1.0,1.0,100.0,50.0,0,OU,3
Cinderace,80,116,75,65,75,119,33.0,1.4,Uber,SS,6,3,0,6,0,0,1,3,0,0,0,0,3,0,3,2,0,0,0,0,10,10,6,3,1,1,8,8,7,4.0,7,7,7,7,5,4,2,6,6,6,6,4,3.0,3.0,3.0,1.0,1.0,2,0,0.0,0.0,0.0,0.0,0.0,0.0,0.0,0.0,0,Uber,4
Inteleon,70,85,65,125,65,120,45.2,1.9,NU,SS,2,2,0,4,0,0,1,2,0,0,0,0,3,0,4,2,0,0,0,2,7,7,6,3,2,1,6,5,3,1.0,9,7,7,7,7,4,3,7,7,7,7,5,3.0,3.0,2.0,2.0,2.0,2,0,1.0,1.0,1.0,1.0,0.0,0.0,75.0,75.0,0,NU,0
Corviknight,98,87,105,53,85,67,75.0,2.2,OU,SS,5,2,0,6,2,2,2,16,0,1,0,0,3,0,4,0,0,1,0,3,8,8,5,5,3,1,5,5,4,2.0,4,4,4,3,3,2,1,3,3,3,3,3,3.0,3.0,2.0,2.0,1.0,2,0,1.0,1.0,1.0,0.0,0.0,0.0,73.33333333333333,73.33333333333333,0,OU,3
Barraskewda,61,123,60,60,50,136,30.0,1.3,RU,SS,3,2,0,4,0,0,1,2,0,0,0,0,3,0,3,2,0,0,0,5,13,12,10,7,4,1,10,9,8,2.0,3,3,3,3,3,2,2,2,2,2,2,2,2.0,2.0,1.0,1.0,1.0,0,0,1.0,1.0,1.0,0.0,0.0,0.0,66.66666666666666,66.66666666666666,0,RU,1
Toxtricity,75,98,70,114,70,75,40.0,1.6,RU,SS,3,1,1,8,0,0,2,5,0,0,0,0,3,0,4,3,2,0,0,2,6,6,4,4,0,0,5,5,5,2.0,10,9,8,8,7,7,3,6,5,5,5,3,3.0,3.0,2.0,1.0,1.0,3,1,1.0,1.0,0.0,0.0,0.0,0.0,50.0,50.0,1,RU,1
Hatterene,57,90,95,136,103,29,5.1,2.1,UU,SS,4,3,0,1,1,1,2,4,0,2,0,1,0,0,4,0,2,0,0,2,5,5,4,2,2,1,6,6,3,2.0,8,8,7,7,7,5,2,7,7,7,7,5,2.0,2.0,2.0,1.0,1.0,3,0,1.0,1.0,1.0,1.0,1.0,1.0,100.0,33.33333333333333,0,UU,2
Grimmsnarl,95,120,65,95,75,60,61.0,1.5,UU,SS,4,3,0,1,1,2,2,8,0,0,0,0,0,0,4,3,2,0,0,0,18,17,12,9,7,1,10,10,9,3.0,3,3,3,3,3,2,0,5,5,5,5,4,2.0,2.0,2.0,1.0,1.0,3,1,1.0,1.0,1.0,1.0,1.0,1.0,100.0,0.0,0,UU,2
Obstagoon,93,90,101,60,81,95,46.0,1.6,RU,SS,3,2,1,1,0,2,2,5,0,0,2,0,2,2,5,0,0,0,0,2,13,12,6,5,3,1,12,12,11,3.0,10,7,7,7,6,3,1,7,7,7,7,5,3.0,3.0,1.0,1.0,1.0,4,0,1.0,1.0,1.0,1.0,1.0,1.0,100.0,66.66666666666666,0,RU,1
Sirfetch'd,62,135,95,68,82,65,117.0,0.8,NU,SS,2,3,0,3,0,0,1,0,0,1,0,0,0,2,4,2,0,0,0,2,11,10,7,6,3,3,8,8,6,3.0,0,0,0,0,0,0,0,1,1,1,1,0,0.0,0.0,0.0,0.0,0.0,0,0,1.0,1.0,1.0,1.0,1.0,1.0,100.0,0.0,0,NU,0
Copperajah,122,130,69,80,69,30,650.0,3.0,NU,SS,2,3,0,10,0,1,1,11,2,0,0,0,0,0,2,0,0,0,0,0,18,17,13,11,7,2,10,10,9,5.0,4,4,4,3,2,1,0,5,5,5,5,4,3.0,3.0,3.0,2.0,1.0,2,0,1.0,1.0,0.0,0.0,0.0,0.0,55.55555555555556,55.55555555555556,0,NU,0
Arctozolt,90,100,90,90,80,55,150.0,2.3,NU,SS,2,4,0,3,0,0,2,-1,0,0,0,0,0,0,3,0,0,0,0,5,13,13,8,6,3,2,8,8,6,1.0,10,7,7,7,7,6,3,5,5,5,5,4,4.0,4.0,1.0,1.0,1.0,3,1,1.0,1.0,1.0,0.0,0.0,0.0,66.66666666666666,66.66666666666666,1,NU,0
Dracovish,90,90,100,70,80,75,215.0,2.3,Uber,SS,6,2,0,1,2,0,2,3,0,0,0,0,0,0,3,0,1,0,0,5,16,16,11,9,4,1,9,9,8,2.0,6,6,6,5,5,4,3,5,5,5,5,4,3.0,3.0,2.0,1.0,1.0,0,1,1.0,1.0,0.0,0.0,0.0,0.0,57.14285714285714,57.14285714285714,0,Uber,4
Dragapult,88,120,75,100,75,142,50.0,3.0,OU,SS,5,5,0,6,0,2,2,9,0,0,1,0,3,0,4,2,0,0,0,2,9,9,6,5,2,0,8,8,6,2.0,12,12,12,10,10,8,5,7,6,6,6,6,5.0,5.0,2.0,1.0,1.0,3,0,1.0,1.0,1.0,0.0,0.0,0.0,66.66666666666666,66.66666666666666,0,OU,3
Zamazenta,92,130,115,80,115,138,210.0,2.9,Uber,SS,6,3,0,3,0,0,1,0,0,0,0,0,0,0,3,1,0,0,0,1,10,10,9,6,4,1,10,10,8,2.0,7,6,6,5,4,3,1,5,5,5,5,4,3.0,3.0,3.0,2.0,1.0,1,0,1.0,1.0,1.0,1.0,1.0,1.0,100.0,0.0,1,Uber,4
Zamazenta-Crowned,92,130,145,80,145,128,785.0,2.9,Uber,SS,6,3,0,6,2,1,2,11,0,0,0,0,0,0,3,1,0,0,0,1,10,10,9,6,4,1,10,10,8,2.0,7,6,6,5,4,3,1,5,5,5,5,4,3.0,3.0,3.0,2.0,1.0,1,1,1.0,1.0,1.0,1.0,1.0,1.0,100.0,0.0,1,Uber,4
Eternatus,140,85,95,145,95,130,950.0,20.0,Uber,SS,6,4,0,6,1,0,2,4,1,0,0,0,0,0,4,0,0,1,0,1,4,4,2,2,0,0,5,5,3,1.0,8,8,8,7,7,5,5,6,6,6,6,6,2.0,2.0,2.0,1.0,1.0,2,1,1.0,1.0,1.0,0.0,0.0,0.0,73.33333333333333,73.33333333333333,0,Uber,4
Urshifu,100,130,100,63,60,97,105.0,1.9,Uber,SS,6,2,1,2,1,1,2,4,0,0,0,0,3,0,3,2,2,0,0,0,25,24,15,13,7,1,12,12,11,2.0,4,4,4,4,3,2,0,3,3,3,3,2,1.0,1.0,1.0,0.0,0.0,2,1,1.0,1.0,1.0,1.0,1.0,1.0,100.0,0.0,1,Uber,4
Urshifu-Rapid-Strike,100,130,100,63,60,97,105.0,1.9,OU,SS,5,5,0,7,0,0,2,2,0,0,0,0,3,0,3,2,2,0,0,0,21,20,12,9,4,1,12,12,11,2.0,3,3,3,3,3,3,1,3,3,3,3,2,1.0,1.0,1.0,0.0,0.0,2,1,1.0,1.0,1.0,1.0,1.0,1.0,100.0,0.0,1,OU,3
Zarude,105,120,105,70,95,105,70.0,1.8,RU,SS,3,6,1,6,0,1,2,2,0,0,0,2,3,0,4,0,2,0,0,2,16,15,10,6,4,2,8,8,7,3.0,5,4,4,4,3,0,0,4,4,4,4,3,1.0,1.0,1.0,1.0,1.0,2,0,1.0,1.0,0.0,0.0,0.0,0.0,50.0,50.0,0,RU,1
Regieleki,80,100,50,100,50,200,145.0,1.2,OU,SS,5,1,0,3,0,0,1,2,0,1,0,0,3,0,3,2,0,0,0,2,7,7,4,2,1,0,4,4,3,1.0,2,2,2,2,2,2,0,3,3,3,3,2,2.0,2.0,2.0,1.0,1.0,3,0,1.0,0.0,0.0,0.0,0.0,0.0,1.0,0.0,1,OU,3
Regidrago,200,100,50,100,50,80,200.0,2.1,RU,SS,3,3,0,4,0,0,1,1,0,0,0,0,0,0,4,0,0,0,0,0,10,10,8,5,4,0,6,6,4,2.0,2,2,2,1,1,1,1,3,3,3,3,2,2.0,2.0,2.0,1.0,1.0,1,0,1.0,0.0,0.0,0.0,0.0,0.0,1.0,0.0,1,RU,1
Glastrier,100,145,130,65,110,30,800.0,2.2,NU,SS,2,4,0,1,0,0,1,-3,0,0,0,0,0,0,4,0,0,0,0,1,15,15,12,9,7,3,8,8,7,4.0,4,2,2,2,1,1,1,4,4,4,4,2,2.0,2.0,1.0,1.0,1.0,2,0,1.0,1.0,1.0,1.0,0.0,0.0,80.0,80.0,0,NU,0
Spectrier,100,65,60,145,80,130,44.5,2.0,Uber,SS,6,2,0,2,0,2,1,8,0,0,1,0,0,0,4,0,0,0,0,0,6,6,3,2,2,0,6,5,4,1.0,4,4,4,4,3,1,0,4,4,4,4,3,1.0,1.0,1.0,1.0,1.0,3,0,1.0,0.0,0.0,0.0,0.0,0.0,1.0,0.0,1,Uber,4
Calyrex-Ice,100,165,150,85,130,50,809.1,2.4,Uber,SS,6,6,0,2,0,0,2,-4,0,0,0,1,0,0,4,0,2,0,0,2,17,17,13,9,7,3,10,10,9,4.0,12,10,9,8,7,5,3,7,7,7,7,5,4.0,4.0,3.0,1.0,1.0,3,1,1.0,0.0,0.0,0.0,0.0,0.0,1.0,0.0,1,Uber,4
Calyrex-Shadow,100,85,80,165,100,150,53.6,2.4,Uber,SS,6,0,2,2,0,2,2,6,0,0,1,1,0,0,4,0,2,0,0,2,8,8,4,2,2,0,7,6,6,1.0,12,12,11,10,9,5,2,7,7,7,7,6,3.0,3.0,3.0,1.0,1.0,3,1,1.0,0.0,0.0,0.0,0.0,0.0,1.0,0.0,1,Uber,4
